org.apache.dubbo.rpc.filter.ClassLoaderFilterTest.testInvoke,pass,0.328,org.apache.dubbo.rpc.filter.AccessLogFilterTest.testInvokeException,pass,0.013,9401208fd161fcac967c1aa20ea7dc40
org.apache.dubbo.rpc.proxy.InvokerInvocationHandlerTest.testInvokeToString,pass,0.305,org.apache.dubbo.rpc.filter.AccessLogFilterTest.testInvokeException,pass,0.018,97eb1ccf68644a2fef6e7c179f204081
org.apache.dubbo.rpc.filter.EchoFilterTest.testEcho,pass,0.352,org.apache.dubbo.rpc.filter.AccessLogFilterTest.testInvokeException,pass,0.014,cf6f50660c64627e351e2f5119c91630
org.apache.dubbo.rpc.filter.EchoFilterTest.testNonEcho,pass,0.348,org.apache.dubbo.rpc.filter.AccessLogFilterTest.testInvokeException,pass,0.022,5b6da993c5fe73264576acf0c92cb8ff
org.apache.dubbo.rpc.proxy.jdk.JdkProxyFactoryTest.testGetInvoker,pass,0.12,org.apache.dubbo.rpc.filter.AccessLogFilterTest.testInvokeException,pass,0.054,3178aab4edf329d6dada76627f8dcaa8
org.apache.dubbo.rpc.proxy.jdk.JdkProxyFactoryTest.testGetProxy,pass,0.12,org.apache.dubbo.rpc.filter.AccessLogFilterTest.testInvokeException,pass,0.03,06099536c1088301c873832aefca8877
org.apache.dubbo.rpc.filter.GenericFilterTest.testInvokeWithJavaException,pass,0.424,org.apache.dubbo.rpc.filter.AccessLogFilterTest.testInvokeException,pass,0.039,37376ab088558f430b927b69676012a9
org.apache.dubbo.rpc.filter.GenericFilterTest.testInvokeWithDefault,pass,0.487,org.apache.dubbo.rpc.filter.AccessLogFilterTest.testInvokeException,pass,0.025,53b01701a7879aaa52091b86388b7ea7
org.apache.dubbo.rpc.filter.TpsLimitFilterTest.testFail,pass,0.007,org.apache.dubbo.rpc.filter.AccessLogFilterTest.testInvokeException,pass,0.014,7d31820c1b88f628605f1aeef5efa162
org.apache.dubbo.rpc.filter.TpsLimitFilterTest.testWithoutCount,pass,0.007,org.apache.dubbo.rpc.filter.AccessLogFilterTest.testInvokeException,pass,0.038,a411b7084e270c9a387b62953b95e855
org.apache.dubbo.rpc.support.RpcUtilsTest.testAttachInvocationIdIfAsync_forceAttache,pass,0.11,org.apache.dubbo.rpc.filter.AccessLogFilterTest.testInvokeException,pass,0.027,d9c59ad06c51629410a9a84685c6a94d
org.apache.dubbo.rpc.support.RpcUtilsTest.testAttachInvocationIdIfAsync_sync,pass,0.109,org.apache.dubbo.rpc.filter.AccessLogFilterTest.testInvokeException,pass,0.079,764d7b891581e3643935b53b61ccb745
org.apache.dubbo.rpc.support.RpcUtilsTest.testAttachInvocationIdIfAsync_forceNotAttache,pass,0.098,org.apache.dubbo.rpc.filter.AccessLogFilterTest.testInvokeException,pass,0.028,a02a858dd24542229b73109786e9d968
org.apache.dubbo.rpc.support.RpcUtilsTest.testAttachInvocationIdIfAsync_nullAttachments,pass,0.14,org.apache.dubbo.rpc.filter.AccessLogFilterTest.testInvokeException,pass,0.017,99557132bf9409000588ec98cb7fd94e
org.apache.dubbo.rpc.support.RpcUtilsTest.testGetReturnTypes,pass,0.41,org.apache.dubbo.rpc.filter.AccessLogFilterTest.testInvokeException,pass,0.004,e8fda88345562f333f8e4795a7ba8cf9
org.apache.dubbo.rpc.support.RpcUtilsTest.testAttachInvocationIdIfAsync_normal,pass,0.097,org.apache.dubbo.rpc.filter.AccessLogFilterTest.testInvokeException,pass,0.01,2d85e0c9b0ab4a4fcb7c000212ae77fe
ERROR_Parse,org.apache.dubbo.rpc.filter.AccessLogFilterTest.testInvokeException,pass,0.025,9b951a78bf602162c117a86815090d33
org.apache.dubbo.rpc.filter.GenericImplFilterTest.testInvokeWithException,pass,0.346,org.apache.dubbo.rpc.filter.AccessLogFilterTest.testInvokeException,pass,0.006,973f794cf9c03be99cfd3c8d2da93c12
org.apache.dubbo.rpc.filter.GenericImplFilterTest.testInvoke,pass,0.324,org.apache.dubbo.rpc.filter.AccessLogFilterTest.testInvokeException,pass,0.03,50822bcda891a892aae84c9137b506bd
org.apache.dubbo.rpc.filter.ExecuteLimitFilterTest.testExecuteLimitInvoke,pass,0.354,org.apache.dubbo.rpc.filter.AccessLogFilterTest.testInvokeException,pass,0.022,5c10e3b793adcaca6bfa8aa33b46f860
org.apache.dubbo.rpc.filter.ExecuteLimitFilterTest.testNoExecuteLimitInvoke,pass,0.353,org.apache.dubbo.rpc.filter.AccessLogFilterTest.testInvokeException,pass,0.02,dfff09655183761552e70cb9166464c0
org.apache.dubbo.rpc.filter.ExecuteLimitFilterTest.testExecuteLimitInvokeWitException,pass,0.359,org.apache.dubbo.rpc.filter.AccessLogFilterTest.testInvokeException,pass,0.018,526a57b91ed5942d931fd0ad75a5d99e
org.apache.dubbo.rpc.filter.ExecuteLimitFilterTest.testMoreThanExecuteLimitInvoke,pass,1.366,org.apache.dubbo.rpc.filter.AccessLogFilterTest.testInvokeException,pass,0.02,2971ffd348e56aa686766f4942760586
org.apache.dubbo.rpc.filter.AccessLogFilterTest.testInvokeException,pass,0.035,org.apache.dubbo.rpc.filter.AccessLogFilterTest.testInvokeException,pass,0.035,e5028442f0ed2d13478acd960c66c1d1
org.apache.dubbo.rpc.filter.AccessLogFilterTest.testDefault,pass,0.082,org.apache.dubbo.rpc.filter.AccessLogFilterTest.testInvokeException,pass,0.006,570dfc193fdd39d59e110d52a3d1824e
org.apache.dubbo.rpc.filter.AccessLogFilterTest.testCustom,pass,0.074,org.apache.dubbo.rpc.filter.AccessLogFilterTest.testInvokeException,pass,0.028,c47c0afa62fb48613ea30ac57e467ded
org.apache.dubbo.rpc.filter.ExceptionFilterTest.testRpcException,pass,0.344,org.apache.dubbo.rpc.filter.AccessLogFilterTest.testInvokeException,pass,0.017,2963815b7fbb78d9c05604139aecc3a6
org.apache.dubbo.rpc.filter.ExceptionFilterTest.testJavaException,pass,0.437,org.apache.dubbo.rpc.filter.AccessLogFilterTest.testInvokeException,pass,0.006,37507c5aca65452cadf4e6ba23fdafd2
org.apache.dubbo.rpc.filter.ExceptionFilterTest.testRuntimeException,pass,0.429,org.apache.dubbo.rpc.filter.AccessLogFilterTest.testInvokeException,pass,0.026,1b8193a4e5210a8a54da8cc396eef466
org.apache.dubbo.rpc.filter.ExceptionFilterTest.testConvertToRunTimeException,pass,0.406,org.apache.dubbo.rpc.filter.AccessLogFilterTest.testInvokeException,pass,0.007,f95650b2e118709a128bd17c370e14dc
org.apache.dubbo.rpc.filter.ConsumerContextFilterTest.testSetContext,pass,0.142,org.apache.dubbo.rpc.filter.AccessLogFilterTest.testInvokeException,pass,0.004,453c9691fe5ddd52ea6512f2a39a89f1
org.apache.dubbo.rpc.filter.tps.StatItemTest.testIsAllowable,pass,1.103,org.apache.dubbo.rpc.filter.AccessLogFilterTest.testInvokeException,pass,0.035,440732c499f3c542f2444f4a65f4e36f
org.apache.dubbo.rpc.ServiceHolderTest.testHolderClass,pass,0.003,org.apache.dubbo.rpc.filter.AccessLogFilterTest.testInvokeException,pass,0.019,b537e41f87d033cab5cf920a8beb2163
org.apache.dubbo.rpc.filter.ContextFilterTest.testSetContext,pass,0.326,org.apache.dubbo.rpc.filter.AccessLogFilterTest.testInvokeException,pass,0.02,83a207f2196748e3d0afc137e8eff7d5
org.apache.dubbo.rpc.filter.ContextFilterTest.testWithAttachments,pass,0.012,org.apache.dubbo.rpc.filter.AccessLogFilterTest.testInvokeException,pass,0.037,5c47b3599e6162644c96e082557e54ed
org.apache.dubbo.rpc.proxy.javassist.JavassistProxyFactoryTest.testGetInvoker,pass,0.267,org.apache.dubbo.rpc.filter.AccessLogFilterTest.testInvokeException,pass,0.008,3dedb67d2388c1b4c1c4eb5a865a64c2
org.apache.dubbo.rpc.proxy.javassist.JavassistProxyFactoryTest.testGetProxy,pass,0.213,org.apache.dubbo.rpc.filter.AccessLogFilterTest.testInvokeException,pass,0.054,9c3cc75b7e8fc0e40bbade05b75a384a
org.apache.dubbo.rpc.filter.TokenFilterTest.testInvokeWithoutToken,pass,0.451,org.apache.dubbo.rpc.filter.AccessLogFilterTest.testInvokeException,pass,0.004,25d0b0a96538166ffdcc153cdb687820
org.apache.dubbo.rpc.filter.TokenFilterTest.testInvokeWithWrongToken,pass,0.443,org.apache.dubbo.rpc.filter.AccessLogFilterTest.testInvokeException,pass,0.007,bcf738bce9dd2973b71ca5facdd059f4
org.apache.dubbo.rpc.filter.TokenFilterTest.testInvokeWithToken,pass,0.433,org.apache.dubbo.rpc.filter.AccessLogFilterTest.testInvokeException,pass,0.018,7b07d2404ea60e2cf2f207530d263782
org.apache.dubbo.rpc.filter.ActiveLimitFilterTest.testInvokeLessActives,pass,0.006,org.apache.dubbo.rpc.filter.AccessLogFilterTest.testInvokeException,pass,0.016,a4eb31d6868fc48ff122331865dee620
org.apache.dubbo.rpc.filter.ActiveLimitFilterTest.testInvokeNoActives,pass,0.005,org.apache.dubbo.rpc.filter.AccessLogFilterTest.testInvokeException,pass,0.014,fa3b946355a5ecb8ab593b3444001fb0
org.apache.dubbo.rpc.filter.ActiveLimitFilterTest.testInvokeGreaterActives,pass,1.084,org.apache.dubbo.rpc.filter.AccessLogFilterTest.testInvokeException,pass,0.016,0df5ab8f96a4a6fc94ba8b07bee1f349
org.apache.dubbo.rpc.filter.TimeoutFilterTest.testInvokeWithoutTimeout,pass,0.339,org.apache.dubbo.rpc.filter.AccessLogFilterTest.testInvokeException,pass,0.073,17d99d6a9c5f24e9e8fc30d48768cffd
org.apache.dubbo.rpc.filter.TimeoutFilterTest.testInvokeWithTimeout,pass,0.528,org.apache.dubbo.rpc.filter.AccessLogFilterTest.testInvokeException,pass,0.006,5829601d97e69c36910b9c51fcd1cd68
org.apache.dubbo.rpc.filter.DeprecatedFilterTest.testDeprecatedFilter,pass,0.017,org.apache.dubbo.rpc.filter.AccessLogFilterTest.testInvokeException,pass,0.05,0b9d147eb3f9b3d276aecf6fe3b4f14f
org.apache.dubbo.rpc.filter.CompatibleFilterFilterTest.testInvokerNonJsonNonPojoSerialization,pass,0.336,org.apache.dubbo.rpc.filter.AccessLogFilterTest.testInvokeException,pass,0.027,216045a8b5625634eeae4f1d07e2cf7e
org.apache.dubbo.rpc.filter.CompatibleFilterFilterTest.testInvokerNonJsonEnumSerialization,pass,0.311,org.apache.dubbo.rpc.filter.AccessLogFilterTest.testInvokeException,pass,0.006,6a08052bb20fc8905825295ef13034ad
org.apache.dubbo.rpc.filter.CompatibleFilterFilterTest.testResulthasException,pass,0.358,org.apache.dubbo.rpc.filter.AccessLogFilterTest.testInvokeException,pass,0.027,db1d258d4ca34332a99f511387d0c970
org.apache.dubbo.rpc.filter.CompatibleFilterFilterTest.testInvokerJsonPojoSerialization,pass,0.318,org.apache.dubbo.rpc.filter.AccessLogFilterTest.testInvokeException,pass,0.005,615bb012b519bcce04748ea3e684f346
org.apache.dubbo.rpc.filter.CompatibleFilterFilterTest.testInvokerNonJsonPojoSerialization,pass,0.366,org.apache.dubbo.rpc.filter.AccessLogFilterTest.testInvokeException,pass,0.024,803b8d8b46cd223eed7782c0613357da
org.apache.dubbo.rpc.filter.CompatibleFilterFilterTest.testInvokerGeneric,pass,0.339,org.apache.dubbo.rpc.filter.AccessLogFilterTest.testInvokeException,pass,0.014,69b19537706c6ba841678374e6517d8a
org.apache.dubbo.rpc.StaticContextTest.testGetContext,pass,0.003,org.apache.dubbo.rpc.filter.AccessLogFilterTest.testInvokeException,pass,0.02,2718b73b073177c5db7a70b492975afe
org.apache.dubbo.rpc.StaticContextTest.testGetKey,pass,0.116,org.apache.dubbo.rpc.filter.AccessLogFilterTest.testInvokeException,pass,0.04,2eff8b186d1ef625101c03d7f2f96688
org.apache.dubbo.rpc.RpcContextTest.testAddress,pass,0.006,org.apache.dubbo.rpc.filter.AccessLogFilterTest.testInvokeException,pass,0.039,d4fe0042d57093b5b5a4d9f868e6307f
org.apache.dubbo.rpc.RpcContextTest.testAttachments,pass,0.021,org.apache.dubbo.rpc.filter.AccessLogFilterTest.testInvokeException,pass,0.019,25a85d8e28096cc228c550e9efe9c099
org.apache.dubbo.rpc.RpcContextTest.testAsync,pass,0.114,org.apache.dubbo.rpc.filter.AccessLogFilterTest.testInvokeException,pass,0.019,357e73c64364828868cc1e26388dc813
org.apache.dubbo.rpc.RpcContextTest.testCheckSide,pass,0.009,org.apache.dubbo.rpc.filter.AccessLogFilterTest.testInvokeException,pass,0.018,ea1d8064cafb6b25863c2126a3008462
org.apache.dubbo.rpc.RpcContextTest.testGetContext,pass,0.007,org.apache.dubbo.rpc.filter.AccessLogFilterTest.testInvokeException,pass,0.033,3f30962028b6f8311a40d513e704c1dd
org.apache.dubbo.rpc.RpcContextTest.testObject,pass,0.059,org.apache.dubbo.rpc.filter.AccessLogFilterTest.testInvokeException,pass,0.02,4aea09fce6822fc700b64ef0362ad2db
org.apache.dubbo.rpc.filter.ClassLoaderFilterTest.testInvoke,pass,0.322,org.apache.dubbo.rpc.filter.ExecuteLimitFilterTest.testExecuteLimitInvokeWitException,pass,0.013,2525a4543a2cbc38b418434800717828
org.apache.dubbo.rpc.proxy.InvokerInvocationHandlerTest.testInvokeToString,pass,0.378,org.apache.dubbo.rpc.filter.ExecuteLimitFilterTest.testExecuteLimitInvokeWitException,pass,0.02,75e750204d8c0323b2fc060bfe9e0586
org.apache.dubbo.rpc.filter.EchoFilterTest.testEcho,pass,0.36,org.apache.dubbo.rpc.filter.ExecuteLimitFilterTest.testExecuteLimitInvokeWitException,pass,0,f950f2faca79ffdb954511a22ff57a85
org.apache.dubbo.rpc.filter.EchoFilterTest.testNonEcho,pass,0.397,org.apache.dubbo.rpc.filter.ExecuteLimitFilterTest.testExecuteLimitInvokeWitException,pass,0,9cd708f243b8295fe302ac2339bc4fe5
org.apache.dubbo.rpc.proxy.jdk.JdkProxyFactoryTest.testGetInvoker,pass,0.113,org.apache.dubbo.rpc.filter.ExecuteLimitFilterTest.testExecuteLimitInvokeWitException,pass,0.296,f103cc36e037e5b79cf28919680f45da
org.apache.dubbo.rpc.proxy.jdk.JdkProxyFactoryTest.testGetProxy,pass,0.104,org.apache.dubbo.rpc.filter.ExecuteLimitFilterTest.testExecuteLimitInvokeWitException,pass,0.298,fe54c4b69bcf43c725dc507aaee9f76d
org.apache.dubbo.rpc.filter.GenericFilterTest.testInvokeWithJavaException,pass,0.389,org.apache.dubbo.rpc.filter.ExecuteLimitFilterTest.testExecuteLimitInvokeWitException,pass,0.026,6ab97a65b0d5cbc45e2fb14131730de3
org.apache.dubbo.rpc.filter.GenericFilterTest.testInvokeWithDefault,pass,0.412,org.apache.dubbo.rpc.filter.ExecuteLimitFilterTest.testExecuteLimitInvokeWitException,pass,0.025,bdc473f9915ff3e11cc5f558ba175580
org.apache.dubbo.rpc.filter.TpsLimitFilterTest.testFail,pass,0.006,org.apache.dubbo.rpc.filter.ExecuteLimitFilterTest.testExecuteLimitInvokeWitException,pass,0.322,054af8db1aa929c90b397be7c3b5f309
org.apache.dubbo.rpc.filter.TpsLimitFilterTest.testWithoutCount,pass,0.007,org.apache.dubbo.rpc.filter.ExecuteLimitFilterTest.testExecuteLimitInvokeWitException,pass,0.352,29f4a515091668a2232feec51b98dc10
org.apache.dubbo.rpc.support.RpcUtilsTest.testAttachInvocationIdIfAsync_forceAttache,pass,0.131,org.apache.dubbo.rpc.filter.ExecuteLimitFilterTest.testExecuteLimitInvokeWitException,pass,0.392,5a538f074fb85ff4494c47a79ac1bf6b
org.apache.dubbo.rpc.support.RpcUtilsTest.testAttachInvocationIdIfAsync_sync,pass,0.142,org.apache.dubbo.rpc.filter.ExecuteLimitFilterTest.testExecuteLimitInvokeWitException,pass,0.335,745b2ebb2e7c150ebc093907a67bcc37
org.apache.dubbo.rpc.support.RpcUtilsTest.testAttachInvocationIdIfAsync_forceNotAttache,pass,0.103,org.apache.dubbo.rpc.filter.ExecuteLimitFilterTest.testExecuteLimitInvokeWitException,pass,0.303,49de7a483343e6d00f19d49324ec67e7
org.apache.dubbo.rpc.support.RpcUtilsTest.testAttachInvocationIdIfAsync_nullAttachments,pass,0.105,org.apache.dubbo.rpc.filter.ExecuteLimitFilterTest.testExecuteLimitInvokeWitException,pass,0.296,d3300f10f7eb19afa3266cb89172f92c
org.apache.dubbo.rpc.support.RpcUtilsTest.testGetReturnTypes,pass,0.434,org.apache.dubbo.rpc.filter.ExecuteLimitFilterTest.testExecuteLimitInvokeWitException,pass,0.005,534a0b1602a0dc97d96a916a51a3874f
org.apache.dubbo.rpc.support.RpcUtilsTest.testAttachInvocationIdIfAsync_normal,pass,0.102,org.apache.dubbo.rpc.filter.ExecuteLimitFilterTest.testExecuteLimitInvokeWitException,pass,0.278,311443c4b0b35368368fff1c63ecbdf8
ERROR_Parse,org.apache.dubbo.rpc.filter.ExecuteLimitFilterTest.testExecuteLimitInvokeWitException,pass,0.318,06b79efd8496c04b385d2dea91dc87e3
org.apache.dubbo.rpc.filter.GenericImplFilterTest.testInvokeWithException,pass,0.282,org.apache.dubbo.rpc.filter.ExecuteLimitFilterTest.testExecuteLimitInvokeWitException,pass,0.033,5d1b0d35b6318e9b7f732d56320168b9
org.apache.dubbo.rpc.filter.GenericImplFilterTest.testInvoke,pass,0.289,org.apache.dubbo.rpc.filter.ExecuteLimitFilterTest.testExecuteLimitInvokeWitException,pass,0.019,38d1cdb05d8f633ba5cf6a2849b8f6e6
org.apache.dubbo.rpc.filter.ExecuteLimitFilterTest.testExecuteLimitInvoke,pass,0.415,org.apache.dubbo.rpc.filter.ExecuteLimitFilterTest.testExecuteLimitInvokeWitException,pass,0,d01bf99a260d6f21dcf3d1d99b5cf044
org.apache.dubbo.rpc.filter.ExecuteLimitFilterTest.testNoExecuteLimitInvoke,pass,0.404,org.apache.dubbo.rpc.filter.ExecuteLimitFilterTest.testExecuteLimitInvokeWitException,pass,0.001,3075752daa941160396621a95a232532
org.apache.dubbo.rpc.filter.ExecuteLimitFilterTest.testExecuteLimitInvokeWitException,pass,0.417,org.apache.dubbo.rpc.filter.ExecuteLimitFilterTest.testExecuteLimitInvokeWitException,pass,0.417,d6c26a49520e0ac484106e2ad5ee09bb
org.apache.dubbo.rpc.filter.ExecuteLimitFilterTest.testMoreThanExecuteLimitInvoke,pass,1.414,org.apache.dubbo.rpc.filter.ExecuteLimitFilterTest.testExecuteLimitInvokeWitException,pass,0.032,61ced5b6fa1581bdb0ca85b4d109f553
org.apache.dubbo.rpc.filter.AccessLogFilterTest.testInvokeException,pass,0.026,org.apache.dubbo.rpc.filter.ExecuteLimitFilterTest.testExecuteLimitInvokeWitException,pass,0.361,452be909b53b34f1a981d2053760c8c2
org.apache.dubbo.rpc.filter.AccessLogFilterTest.testDefault,pass,0.071,org.apache.dubbo.rpc.filter.ExecuteLimitFilterTest.testExecuteLimitInvokeWitException,pass,0.333,f4eebc775ebbb0fc982f69134b607b00
org.apache.dubbo.rpc.filter.AccessLogFilterTest.testCustom,pass,0.065,org.apache.dubbo.rpc.filter.ExecuteLimitFilterTest.testExecuteLimitInvokeWitException,pass,0.301,942a7d974b59145895ff795801ed95b2
org.apache.dubbo.rpc.filter.ExceptionFilterTest.testRpcException,pass,0.415,org.apache.dubbo.rpc.filter.ExecuteLimitFilterTest.testExecuteLimitInvokeWitException,pass,0.032,4c300cfe09f7da2145f5fe8f07c41531
org.apache.dubbo.rpc.filter.ExceptionFilterTest.testJavaException,pass,0.432,org.apache.dubbo.rpc.filter.ExecuteLimitFilterTest.testExecuteLimitInvokeWitException,pass,0.042,b305033809317aef4193cb3b3aa9cdcd
org.apache.dubbo.rpc.filter.ExceptionFilterTest.testRuntimeException,pass,0.391,org.apache.dubbo.rpc.filter.ExecuteLimitFilterTest.testExecuteLimitInvokeWitException,pass,0.012,d20d4cee86dfb2bde49f1d099f0379cd
org.apache.dubbo.rpc.filter.ExceptionFilterTest.testConvertToRunTimeException,pass,0.423,org.apache.dubbo.rpc.filter.ExecuteLimitFilterTest.testExecuteLimitInvokeWitException,pass,0.029,c6b328b798037f16b5993648ca887b3e
org.apache.dubbo.rpc.filter.ConsumerContextFilterTest.testSetContext,pass,0.116,org.apache.dubbo.rpc.filter.ExecuteLimitFilterTest.testExecuteLimitInvokeWitException,pass,0.3,70f96f35694245e0a98581dd1533c06a
org.apache.dubbo.rpc.filter.tps.StatItemTest.testIsAllowable,pass,1.103,org.apache.dubbo.rpc.filter.ExecuteLimitFilterTest.testExecuteLimitInvokeWitException,pass,0.297,d427645bb3510c66a6bd318a9e03aeee
org.apache.dubbo.rpc.ServiceHolderTest.testHolderClass,pass,0.002,org.apache.dubbo.rpc.filter.ExecuteLimitFilterTest.testExecuteLimitInvokeWitException,pass,0.404,138a8ba2805123b14b7d3aead38a7042
org.apache.dubbo.rpc.filter.ContextFilterTest.testSetContext,pass,0.418,org.apache.dubbo.rpc.filter.ExecuteLimitFilterTest.testExecuteLimitInvokeWitException,pass,0,af730c351fc6620f4fd12ed13079f6d3
org.apache.dubbo.rpc.filter.ContextFilterTest.testWithAttachments,pass,0.011,org.apache.dubbo.rpc.filter.ExecuteLimitFilterTest.testExecuteLimitInvokeWitException,pass,0.392,37f2939739f31d849a29f6b9780b7a8e
org.apache.dubbo.rpc.proxy.javassist.JavassistProxyFactoryTest.testGetInvoker,pass,0.213,org.apache.dubbo.rpc.filter.ExecuteLimitFilterTest.testExecuteLimitInvokeWitException,pass,0.305,1a1fce8a2d53e93185e84535d5fa4212
org.apache.dubbo.rpc.proxy.javassist.JavassistProxyFactoryTest.testGetProxy,pass,0.22,org.apache.dubbo.rpc.filter.ExecuteLimitFilterTest.testExecuteLimitInvokeWitException,pass,0.283,caf2117b372611e461db8c95fbac4298
org.apache.dubbo.rpc.filter.TokenFilterTest.testInvokeWithoutToken,pass,0.446,org.apache.dubbo.rpc.filter.ExecuteLimitFilterTest.testExecuteLimitInvokeWitException,pass,0,04258889c045754713b437894e570642
org.apache.dubbo.rpc.filter.TokenFilterTest.testInvokeWithWrongToken,pass,0.461,org.apache.dubbo.rpc.filter.ExecuteLimitFilterTest.testExecuteLimitInvokeWitException,pass,0,cca4f3ef6ac0995ad8b0177bf859dcec
org.apache.dubbo.rpc.filter.TokenFilterTest.testInvokeWithToken,pass,0.401,org.apache.dubbo.rpc.filter.ExecuteLimitFilterTest.testExecuteLimitInvokeWitException,pass,0,66cf2639e27937659050dee0e09bf544
org.apache.dubbo.rpc.filter.ActiveLimitFilterTest.testInvokeLessActives,pass,0.006,org.apache.dubbo.rpc.filter.ExecuteLimitFilterTest.testExecuteLimitInvokeWitException,pass,0.313,75510abaf3103b2ef614171ade1a1116
org.apache.dubbo.rpc.filter.ActiveLimitFilterTest.testInvokeNoActives,pass,0.006,org.apache.dubbo.rpc.filter.ExecuteLimitFilterTest.testExecuteLimitInvokeWitException,pass,0.368,cc9499f87ddb9316c26d8bce3606b0d3
org.apache.dubbo.rpc.filter.ActiveLimitFilterTest.testInvokeGreaterActives,pass,1.027,org.apache.dubbo.rpc.filter.ExecuteLimitFilterTest.testExecuteLimitInvokeWitException,pass,0.298,974343b7bc574cf63253d831058cc293
org.apache.dubbo.rpc.filter.TimeoutFilterTest.testInvokeWithoutTimeout,pass,0.311,org.apache.dubbo.rpc.filter.ExecuteLimitFilterTest.testExecuteLimitInvokeWitException,pass,0,287ad566dfb081c22f544d1d4189eb5c
org.apache.dubbo.rpc.filter.TimeoutFilterTest.testInvokeWithTimeout,pass,0.498,org.apache.dubbo.rpc.filter.ExecuteLimitFilterTest.testExecuteLimitInvokeWitException,pass,0.032,db3a78005f7d6ab7bc55561b43d83174
org.apache.dubbo.rpc.filter.DeprecatedFilterTest.testDeprecatedFilter,pass,0.013,org.apache.dubbo.rpc.filter.ExecuteLimitFilterTest.testExecuteLimitInvokeWitException,pass,0.273,7fdd2dac6876e46a83a18c4e5ea8420a
org.apache.dubbo.rpc.filter.CompatibleFilterFilterTest.testInvokerNonJsonNonPojoSerialization,pass,0.304,org.apache.dubbo.rpc.filter.ExecuteLimitFilterTest.testExecuteLimitInvokeWitException,pass,0,8dd13d4804dc530cb96e96b8f0d90c8f
org.apache.dubbo.rpc.filter.CompatibleFilterFilterTest.testInvokerNonJsonEnumSerialization,pass,0.321,org.apache.dubbo.rpc.filter.ExecuteLimitFilterTest.testExecuteLimitInvokeWitException,pass,0,ecd27c61d8755f7432a6304c028fa149
org.apache.dubbo.rpc.filter.CompatibleFilterFilterTest.testResulthasException,pass,0.329,org.apache.dubbo.rpc.filter.ExecuteLimitFilterTest.testExecuteLimitInvokeWitException,pass,0,671236484880d05f13053cb0e1013c28
org.apache.dubbo.rpc.filter.CompatibleFilterFilterTest.testInvokerJsonPojoSerialization,pass,0.36,org.apache.dubbo.rpc.filter.ExecuteLimitFilterTest.testExecuteLimitInvokeWitException,pass,0,3905cbd9af0e97216d7d60398373b5c4
org.apache.dubbo.rpc.filter.CompatibleFilterFilterTest.testInvokerNonJsonPojoSerialization,pass,0.342,org.apache.dubbo.rpc.filter.ExecuteLimitFilterTest.testExecuteLimitInvokeWitException,pass,0,ced11e6787e2a39708dc798e51c7a6ea
org.apache.dubbo.rpc.filter.CompatibleFilterFilterTest.testInvokerGeneric,pass,0.343,org.apache.dubbo.rpc.filter.ExecuteLimitFilterTest.testExecuteLimitInvokeWitException,pass,0,3f09e7e9bbd5b3469c90b0dbaa084e9a
org.apache.dubbo.rpc.StaticContextTest.testGetContext,pass,0.003,org.apache.dubbo.rpc.filter.ExecuteLimitFilterTest.testExecuteLimitInvokeWitException,pass,0.318,998738cf39bc90875012711c12d10953
org.apache.dubbo.rpc.StaticContextTest.testGetKey,pass,0.107,org.apache.dubbo.rpc.filter.ExecuteLimitFilterTest.testExecuteLimitInvokeWitException,pass,0.308,f4439cbfd032125204bf2431b5f9bc13
org.apache.dubbo.rpc.RpcContextTest.testAddress,pass,0.01,org.apache.dubbo.rpc.filter.ExecuteLimitFilterTest.testExecuteLimitInvokeWitException,pass,0.392,f7c713192020b3bc7359948b21e59d8d
org.apache.dubbo.rpc.RpcContextTest.testAttachments,pass,0.01,org.apache.dubbo.rpc.filter.ExecuteLimitFilterTest.testExecuteLimitInvokeWitException,pass,0.397,aa60a15be8fbaf04bb5432e0f4082b32
org.apache.dubbo.rpc.RpcContextTest.testAsync,pass,0.142,org.apache.dubbo.rpc.filter.ExecuteLimitFilterTest.testExecuteLimitInvokeWitException,pass,0.37,70f6cb521b9db765cd3a0bc5578c2086
org.apache.dubbo.rpc.RpcContextTest.testCheckSide,pass,0.008,org.apache.dubbo.rpc.filter.ExecuteLimitFilterTest.testExecuteLimitInvokeWitException,pass,0.353,868f31a35e86d95928e39fb9ae68cb13
org.apache.dubbo.rpc.RpcContextTest.testGetContext,pass,0.007,org.apache.dubbo.rpc.filter.ExecuteLimitFilterTest.testExecuteLimitInvokeWitException,pass,0.31,b123e44ee4fcafa60e8ac83458618444
org.apache.dubbo.rpc.RpcContextTest.testObject,pass,0.048,org.apache.dubbo.rpc.filter.ExecuteLimitFilterTest.testExecuteLimitInvokeWitException,pass,0.295,cfa37521096d6f76ea485ae2d86fdce9
org.apache.dubbo.rpc.filter.ClassLoaderFilterTest.testInvoke,pass,0.285,org.apache.dubbo.rpc.proxy.javassist.JavassistProxyFactoryTest.testGetInvoker,pass,0.184,b1d3a496292217a5c43eba345b992c0a
org.apache.dubbo.rpc.proxy.InvokerInvocationHandlerTest.testInvokeToString,pass,0.334,org.apache.dubbo.rpc.proxy.javassist.JavassistProxyFactoryTest.testGetInvoker,pass,0.209,0a81b66bcf53fb53422fdc73091a475d
org.apache.dubbo.rpc.filter.EchoFilterTest.testEcho,pass,0.377,org.apache.dubbo.rpc.proxy.javassist.JavassistProxyFactoryTest.testGetInvoker,pass,0.196,87ddba626fefaf26df55124617ed0d3a
org.apache.dubbo.rpc.filter.EchoFilterTest.testNonEcho,pass,0.34,org.apache.dubbo.rpc.proxy.javassist.JavassistProxyFactoryTest.testGetInvoker,pass,0.211,dfb996bf77a46ec7754ca9ff3449471c
org.apache.dubbo.rpc.proxy.jdk.JdkProxyFactoryTest.testGetInvoker,pass,0.136,org.apache.dubbo.rpc.proxy.javassist.JavassistProxyFactoryTest.testGetInvoker,pass,0.137,64e2a588b1b9411e9148c53842d49863
org.apache.dubbo.rpc.proxy.jdk.JdkProxyFactoryTest.testGetProxy,pass,0.097,org.apache.dubbo.rpc.proxy.javassist.JavassistProxyFactoryTest.testGetInvoker,pass,0.108,029df773871db7dccd7e9009b2ae8f84
org.apache.dubbo.rpc.filter.GenericFilterTest.testInvokeWithJavaException,pass,0.358,org.apache.dubbo.rpc.proxy.javassist.JavassistProxyFactoryTest.testGetInvoker,pass,0.111,886d59402d7a2d3bf87d006c596ff746
org.apache.dubbo.rpc.filter.GenericFilterTest.testInvokeWithDefault,pass,0.41,org.apache.dubbo.rpc.proxy.javassist.JavassistProxyFactoryTest.testGetInvoker,pass,0.108,724ca4868e7fec7ab675d4962c5f5970
org.apache.dubbo.rpc.filter.TpsLimitFilterTest.testFail,pass,0.007,org.apache.dubbo.rpc.proxy.javassist.JavassistProxyFactoryTest.testGetInvoker,pass,0.188,64e443b5f07243d9cd3efefd4ec87f77
org.apache.dubbo.rpc.filter.TpsLimitFilterTest.testWithoutCount,pass,0.006,org.apache.dubbo.rpc.proxy.javassist.JavassistProxyFactoryTest.testGetInvoker,pass,0.235,370892352f3bbc5d7ce3cd40e21e6dfd
org.apache.dubbo.rpc.support.RpcUtilsTest.testAttachInvocationIdIfAsync_forceAttache,pass,0.129,org.apache.dubbo.rpc.proxy.javassist.JavassistProxyFactoryTest.testGetInvoker,pass,0.131,b729a49e3ae1ca345b863386147cc890
org.apache.dubbo.rpc.support.RpcUtilsTest.testAttachInvocationIdIfAsync_sync,pass,0.093,org.apache.dubbo.rpc.proxy.javassist.JavassistProxyFactoryTest.testGetInvoker,pass,0.125,7037a5010514fa6dbd8c778d968df8eb
org.apache.dubbo.rpc.support.RpcUtilsTest.testAttachInvocationIdIfAsync_forceNotAttache,pass,0.107,org.apache.dubbo.rpc.proxy.javassist.JavassistProxyFactoryTest.testGetInvoker,pass,0.111,b245b4b0eec33ddfd21605832bc59230
org.apache.dubbo.rpc.support.RpcUtilsTest.testAttachInvocationIdIfAsync_nullAttachments,pass,0.112,org.apache.dubbo.rpc.proxy.javassist.JavassistProxyFactoryTest.testGetInvoker,pass,0.112,a490228e9ecb9971d659ef1157a5dd32
org.apache.dubbo.rpc.support.RpcUtilsTest.testGetReturnTypes,pass,0.376,org.apache.dubbo.rpc.proxy.javassist.JavassistProxyFactoryTest.testGetInvoker,pass,0.11,8c14fd4861307217a774ff85d4b9bee8
org.apache.dubbo.rpc.support.RpcUtilsTest.testAttachInvocationIdIfAsync_normal,pass,0.091,org.apache.dubbo.rpc.proxy.javassist.JavassistProxyFactoryTest.testGetInvoker,pass,0.105,cd4027192bc23570db0b1300b1abfaae
ERROR_Parse,org.apache.dubbo.rpc.proxy.javassist.JavassistProxyFactoryTest.testGetInvoker,pass,0.205,79ed7fe7ad7652c7de087ffad445ff26
org.apache.dubbo.rpc.filter.GenericImplFilterTest.testInvokeWithException,pass,0.364,org.apache.dubbo.rpc.proxy.javassist.JavassistProxyFactoryTest.testGetInvoker,pass,0.121,627b4470af4d038f1aca70adab3f4051
org.apache.dubbo.rpc.filter.GenericImplFilterTest.testInvoke,pass,0.33,org.apache.dubbo.rpc.proxy.javassist.JavassistProxyFactoryTest.testGetInvoker,pass,0.106,96fb7b0b06735ef0cbfa688743c768bb
org.apache.dubbo.rpc.filter.ExecuteLimitFilterTest.testExecuteLimitInvoke,pass,0.451,org.apache.dubbo.rpc.proxy.javassist.JavassistProxyFactoryTest.testGetInvoker,pass,0.226,0fa1eb71ff2fafcaed9074eea1efe979
org.apache.dubbo.rpc.filter.ExecuteLimitFilterTest.testNoExecuteLimitInvoke,pass,0.348,org.apache.dubbo.rpc.proxy.javassist.JavassistProxyFactoryTest.testGetInvoker,pass,0.183,127528f33c491f73c3d17cf2962e514e
org.apache.dubbo.rpc.filter.ExecuteLimitFilterTest.testExecuteLimitInvokeWitException,pass,0.36,org.apache.dubbo.rpc.proxy.javassist.JavassistProxyFactoryTest.testGetInvoker,pass,0.203,b7858de108fc227487fd3425f4e95823
org.apache.dubbo.rpc.filter.ExecuteLimitFilterTest.testMoreThanExecuteLimitInvoke,pass,1.303,org.apache.dubbo.rpc.proxy.javassist.JavassistProxyFactoryTest.testGetInvoker,pass,0.187,a1ec0a09506f7fa0a7b2d25b2df7e226
org.apache.dubbo.rpc.filter.AccessLogFilterTest.testInvokeException,pass,0.025,org.apache.dubbo.rpc.proxy.javassist.JavassistProxyFactoryTest.testGetInvoker,pass,0.136,0efa0cb256924886483ba75047444e71
org.apache.dubbo.rpc.filter.AccessLogFilterTest.testDefault,pass,0.073,org.apache.dubbo.rpc.proxy.javassist.JavassistProxyFactoryTest.testGetInvoker,pass,0.115,6ba0a36eecb5e7cc26e620ca4f11c321
org.apache.dubbo.rpc.filter.AccessLogFilterTest.testCustom,pass,0.053,org.apache.dubbo.rpc.proxy.javassist.JavassistProxyFactoryTest.testGetInvoker,pass,0.112,2008054e1a05dce2cc490af0a86a7c3e
org.apache.dubbo.rpc.filter.ExceptionFilterTest.testRpcException,pass,0.337,org.apache.dubbo.rpc.proxy.javassist.JavassistProxyFactoryTest.testGetInvoker,pass,0.187,ee4530c61452a5b55b80198a3c9793bc
org.apache.dubbo.rpc.filter.ExceptionFilterTest.testJavaException,pass,0.418,org.apache.dubbo.rpc.proxy.javassist.JavassistProxyFactoryTest.testGetInvoker,pass,0.08,1d219623bad93aac3d3a8551c7e96cad
org.apache.dubbo.rpc.filter.ExceptionFilterTest.testRuntimeException,pass,0.436,org.apache.dubbo.rpc.proxy.javassist.JavassistProxyFactoryTest.testGetInvoker,pass,0.123,79597ae1895839cb0c73ce0f8ad49cf2
org.apache.dubbo.rpc.filter.ExceptionFilterTest.testConvertToRunTimeException,pass,0.393,org.apache.dubbo.rpc.proxy.javassist.JavassistProxyFactoryTest.testGetInvoker,pass,0.099,38db3fcfa43748463f754845d7ff1780
org.apache.dubbo.rpc.filter.ConsumerContextFilterTest.testSetContext,pass,0.094,org.apache.dubbo.rpc.proxy.javassist.JavassistProxyFactoryTest.testGetInvoker,pass,0.108,d3e94bcc8b1e0e7a05e75877e8e412e2
org.apache.dubbo.rpc.filter.tps.StatItemTest.testIsAllowable,pass,1.104,org.apache.dubbo.rpc.proxy.javassist.JavassistProxyFactoryTest.testGetInvoker,pass,0.198,697a0c8de646481b4a3a3cb8f1f60e7e
org.apache.dubbo.rpc.ServiceHolderTest.testHolderClass,pass,0.002,org.apache.dubbo.rpc.proxy.javassist.JavassistProxyFactoryTest.testGetInvoker,pass,0.237,c4d1fc185af1ce81f540ed3ce0069a7f
org.apache.dubbo.rpc.filter.ContextFilterTest.testSetContext,pass,0.34,org.apache.dubbo.rpc.proxy.javassist.JavassistProxyFactoryTest.testGetInvoker,pass,0.192,14b0276d1893acef7c2c8de2d1f20c60
org.apache.dubbo.rpc.filter.ContextFilterTest.testWithAttachments,pass,0.015,org.apache.dubbo.rpc.proxy.javassist.JavassistProxyFactoryTest.testGetInvoker,pass,0.254,17814684cc789ab87c22798a3a056a3a
org.apache.dubbo.rpc.proxy.javassist.JavassistProxyFactoryTest.testGetInvoker,pass,0.25,org.apache.dubbo.rpc.proxy.javassist.JavassistProxyFactoryTest.testGetInvoker,pass,0.25,8a0a974a9edf0d6f251a45a9740a948a
org.apache.dubbo.rpc.proxy.javassist.JavassistProxyFactoryTest.testGetProxy,pass,0.207,org.apache.dubbo.rpc.proxy.javassist.JavassistProxyFactoryTest.testGetInvoker,pass,0.037,136a8bf61c88804b7d2499bd1661ab5b
org.apache.dubbo.rpc.filter.TokenFilterTest.testInvokeWithoutToken,pass,0.423,org.apache.dubbo.rpc.proxy.javassist.JavassistProxyFactoryTest.testGetInvoker,pass,0.116,eb8654cec14ba5e82c50793c68608b29
org.apache.dubbo.rpc.filter.TokenFilterTest.testInvokeWithWrongToken,pass,0.431,org.apache.dubbo.rpc.proxy.javassist.JavassistProxyFactoryTest.testGetInvoker,pass,0.116,660290d8e0ee0fd7baecb904ca05d03f
org.apache.dubbo.rpc.filter.TokenFilterTest.testInvokeWithToken,pass,0.437,org.apache.dubbo.rpc.proxy.javassist.JavassistProxyFactoryTest.testGetInvoker,pass,0.102,81b11f0fb4bb79f2495346df740f0231
org.apache.dubbo.rpc.filter.ActiveLimitFilterTest.testInvokeLessActives,pass,0.005,org.apache.dubbo.rpc.proxy.javassist.JavassistProxyFactoryTest.testGetInvoker,pass,0.216,60fc11e1372f30d5c8039dcb086bb638
org.apache.dubbo.rpc.filter.ActiveLimitFilterTest.testInvokeNoActives,pass,0.006,org.apache.dubbo.rpc.proxy.javassist.JavassistProxyFactoryTest.testGetInvoker,pass,0.25,476010efe35334399c43f7abf2f7afe9
org.apache.dubbo.rpc.filter.ActiveLimitFilterTest.testInvokeGreaterActives,pass,1.067,org.apache.dubbo.rpc.proxy.javassist.JavassistProxyFactoryTest.testGetInvoker,pass,0.227,f4b377f6338a958f35830a2cc079b0ca
org.apache.dubbo.rpc.filter.TimeoutFilterTest.testInvokeWithoutTimeout,pass,0.331,org.apache.dubbo.rpc.proxy.javassist.JavassistProxyFactoryTest.testGetInvoker,pass,0.108,ad743fedff7b395c0e6906ba098a2e03
org.apache.dubbo.rpc.filter.TimeoutFilterTest.testInvokeWithTimeout,pass,0.538,org.apache.dubbo.rpc.proxy.javassist.JavassistProxyFactoryTest.testGetInvoker,pass,0.088,6fbd7f60edc42986c5cdaf02fc711056
org.apache.dubbo.rpc.filter.DeprecatedFilterTest.testDeprecatedFilter,pass,0.009,org.apache.dubbo.rpc.proxy.javassist.JavassistProxyFactoryTest.testGetInvoker,pass,0.102,b2bdc6adf5803e0983f752fc24b3fc63
org.apache.dubbo.rpc.filter.CompatibleFilterFilterTest.testInvokerNonJsonNonPojoSerialization,pass,0.348,org.apache.dubbo.rpc.proxy.javassist.JavassistProxyFactoryTest.testGetInvoker,pass,0.102,b431c68da146e97147fa02e13a8771d4
org.apache.dubbo.rpc.filter.CompatibleFilterFilterTest.testInvokerNonJsonEnumSerialization,pass,0.332,org.apache.dubbo.rpc.proxy.javassist.JavassistProxyFactoryTest.testGetInvoker,pass,0.099,fc226a7fcb75a861b008f6b68d0f95c7
org.apache.dubbo.rpc.filter.CompatibleFilterFilterTest.testResulthasException,pass,0.318,org.apache.dubbo.rpc.proxy.javassist.JavassistProxyFactoryTest.testGetInvoker,pass,0.105,58391bd49e6114987152a95871b671c0
org.apache.dubbo.rpc.filter.CompatibleFilterFilterTest.testInvokerJsonPojoSerialization,pass,0.314,org.apache.dubbo.rpc.proxy.javassist.JavassistProxyFactoryTest.testGetInvoker,pass,0.111,22b9800b0658ce34e7bb885b5fac5fa4
org.apache.dubbo.rpc.filter.CompatibleFilterFilterTest.testInvokerNonJsonPojoSerialization,pass,0.297,org.apache.dubbo.rpc.proxy.javassist.JavassistProxyFactoryTest.testGetInvoker,pass,0.109,54e964a0ee7e0a73c27189893853f5c2
org.apache.dubbo.rpc.filter.CompatibleFilterFilterTest.testInvokerGeneric,pass,0.325,org.apache.dubbo.rpc.proxy.javassist.JavassistProxyFactoryTest.testGetInvoker,pass,0.117,73e1f5dcc2aceeffab3e5f22a4956295
org.apache.dubbo.rpc.StaticContextTest.testGetContext,pass,0.002,org.apache.dubbo.rpc.proxy.javassist.JavassistProxyFactoryTest.testGetInvoker,pass,0.246,7792b0a5ccb7264f9a277729ac94e3dd
org.apache.dubbo.rpc.StaticContextTest.testGetKey,pass,0.145,org.apache.dubbo.rpc.proxy.javassist.JavassistProxyFactoryTest.testGetInvoker,pass,0.154,0690d0354d7d4c055fb47b65085b4a9e
org.apache.dubbo.rpc.RpcContextTest.testAddress,pass,0.005,org.apache.dubbo.rpc.proxy.javassist.JavassistProxyFactoryTest.testGetInvoker,pass,0.206,9acd2978e3b3bb37f7c7ccf0ee07d6a3
org.apache.dubbo.rpc.RpcContextTest.testAttachments,pass,0.005,org.apache.dubbo.rpc.proxy.javassist.JavassistProxyFactoryTest.testGetInvoker,pass,0.197,3823769a6046915fe4bfa25d864de8b2
org.apache.dubbo.rpc.RpcContextTest.testAsync,pass,0.126,org.apache.dubbo.rpc.proxy.javassist.JavassistProxyFactoryTest.testGetInvoker,failure,0.148,5131310663fc6c2178a379f738778cd5
org.apache.dubbo.rpc.RpcContextTest.testCheckSide,pass,0.008,org.apache.dubbo.rpc.proxy.javassist.JavassistProxyFactoryTest.testGetInvoker,pass,0.237,cf7795c8003fe3a92e65dcf2990f1daf
org.apache.dubbo.rpc.RpcContextTest.testGetContext,pass,0.006,org.apache.dubbo.rpc.proxy.javassist.JavassistProxyFactoryTest.testGetInvoker,pass,0.235,09e01ddcf55747cae8fbb66bf8952d3d
org.apache.dubbo.rpc.RpcContextTest.testObject,pass,0.045,org.apache.dubbo.rpc.proxy.javassist.JavassistProxyFactoryTest.testGetInvoker,pass,0.148,f473663f895887b41758a8becaa3a503
org.apache.dubbo.rpc.filter.ClassLoaderFilterTest.testInvoke,pass,0.306,org.apache.dubbo.rpc.proxy.jdk.JdkProxyFactoryTest.testGetInvoker,pass,0.084,02f3683006d04a0ad19b4a6b5ac45aca
org.apache.dubbo.rpc.proxy.InvokerInvocationHandlerTest.testInvokeToString,pass,0.389,org.apache.dubbo.rpc.proxy.jdk.JdkProxyFactoryTest.testGetInvoker,pass,0.074,b9b8c1790fdc0ae69435905414fd3e97
org.apache.dubbo.rpc.filter.EchoFilterTest.testEcho,pass,0.332,org.apache.dubbo.rpc.proxy.jdk.JdkProxyFactoryTest.testGetInvoker,pass,0.074,66d8033cf8a8c2e80a7b491583b17ad0
org.apache.dubbo.rpc.filter.EchoFilterTest.testNonEcho,pass,0.321,org.apache.dubbo.rpc.proxy.jdk.JdkProxyFactoryTest.testGetInvoker,pass,0.072,3e9eae559e82052300c6a95c53e5b307
org.apache.dubbo.rpc.proxy.jdk.JdkProxyFactoryTest.testGetInvoker,pass,0.116,org.apache.dubbo.rpc.proxy.jdk.JdkProxyFactoryTest.testGetInvoker,pass,0.116,964f4d222168bea2ebafe7dbcaff31c1
org.apache.dubbo.rpc.proxy.jdk.JdkProxyFactoryTest.testGetProxy,pass,0.105,org.apache.dubbo.rpc.proxy.jdk.JdkProxyFactoryTest.testGetInvoker,pass,0.003,5e2deacd5a4f99bf7ee5b744fcbf1a1b
org.apache.dubbo.rpc.filter.GenericFilterTest.testInvokeWithJavaException,pass,0.427,org.apache.dubbo.rpc.proxy.jdk.JdkProxyFactoryTest.testGetInvoker,pass,0,f7aa41367bf7f6d04c6c976f6e6b59b6
org.apache.dubbo.rpc.filter.GenericFilterTest.testInvokeWithDefault,pass,0.397,org.apache.dubbo.rpc.proxy.jdk.JdkProxyFactoryTest.testGetInvoker,pass,0,457ee174d2c408fcc45decadeb0a2d74
org.apache.dubbo.rpc.filter.TpsLimitFilterTest.testFail,pass,0.006,org.apache.dubbo.rpc.proxy.jdk.JdkProxyFactoryTest.testGetInvoker,pass,0.096,b7d68fdcb991b5dc372fc9501b17300e
org.apache.dubbo.rpc.filter.TpsLimitFilterTest.testWithoutCount,pass,0.005,org.apache.dubbo.rpc.proxy.jdk.JdkProxyFactoryTest.testGetInvoker,pass,0.099,7d212a285e4a874f8c116607f018da47
org.apache.dubbo.rpc.support.RpcUtilsTest.testAttachInvocationIdIfAsync_forceAttache,pass,0.109,org.apache.dubbo.rpc.proxy.jdk.JdkProxyFactoryTest.testGetInvoker,pass,0,a24e4dab8263deb5af33e1288ea7edbf
org.apache.dubbo.rpc.support.RpcUtilsTest.testAttachInvocationIdIfAsync_sync,pass,0.102,org.apache.dubbo.rpc.proxy.jdk.JdkProxyFactoryTest.testGetInvoker,pass,0.008,7dcfadcd6da75362ecffa3bb5b52555f
org.apache.dubbo.rpc.support.RpcUtilsTest.testAttachInvocationIdIfAsync_forceNotAttache,pass,0.092,org.apache.dubbo.rpc.proxy.jdk.JdkProxyFactoryTest.testGetInvoker,pass,0,767f17e5c62a9736ed83a56776412004
org.apache.dubbo.rpc.support.RpcUtilsTest.testAttachInvocationIdIfAsync_nullAttachments,pass,0.153,org.apache.dubbo.rpc.proxy.jdk.JdkProxyFactoryTest.testGetInvoker,pass,0,20d840008b28dbf23750b15b556e3f76
org.apache.dubbo.rpc.support.RpcUtilsTest.testGetReturnTypes,pass,0.38,org.apache.dubbo.rpc.proxy.jdk.JdkProxyFactoryTest.testGetInvoker,pass,0,57eb06555a06dd8cce620399c19cc91b
org.apache.dubbo.rpc.support.RpcUtilsTest.testAttachInvocationIdIfAsync_normal,pass,0.114,org.apache.dubbo.rpc.proxy.jdk.JdkProxyFactoryTest.testGetInvoker,pass,0,662f63a06f4acf5ee50fb9b3cd1ac81b
ERROR_Parse,org.apache.dubbo.rpc.proxy.jdk.JdkProxyFactoryTest.testGetInvoker,pass,0.119,cd9d079d4cc127d81cfaf2fa74f171c4
org.apache.dubbo.rpc.filter.GenericImplFilterTest.testInvokeWithException,pass,0.315,org.apache.dubbo.rpc.proxy.jdk.JdkProxyFactoryTest.testGetInvoker,pass,0,45fe05ac3540dd5fd49a9ac5ce0129cd
org.apache.dubbo.rpc.filter.GenericImplFilterTest.testInvoke,pass,0.302,org.apache.dubbo.rpc.proxy.jdk.JdkProxyFactoryTest.testGetInvoker,pass,0,a4364a88113d2e3680f9b3599058c8d0
org.apache.dubbo.rpc.filter.ExecuteLimitFilterTest.testExecuteLimitInvoke,pass,0.337,org.apache.dubbo.rpc.proxy.jdk.JdkProxyFactoryTest.testGetInvoker,pass,0.072,3632f7a58fdf247184bb5cf120547843
org.apache.dubbo.rpc.filter.ExecuteLimitFilterTest.testNoExecuteLimitInvoke,pass,0.315,org.apache.dubbo.rpc.proxy.jdk.JdkProxyFactoryTest.testGetInvoker,pass,0.061,95df4a5c9a6342466c94cccb64f41056
org.apache.dubbo.rpc.filter.ExecuteLimitFilterTest.testExecuteLimitInvokeWitException,pass,0.411,org.apache.dubbo.rpc.proxy.jdk.JdkProxyFactoryTest.testGetInvoker,pass,0.063,4f6b8965c1d6148e131b9756c86141f7
org.apache.dubbo.rpc.filter.ExecuteLimitFilterTest.testMoreThanExecuteLimitInvoke,pass,1.291,org.apache.dubbo.rpc.proxy.jdk.JdkProxyFactoryTest.testGetInvoker,pass,0.055,d815f424135b256495eed861edf80425
org.apache.dubbo.rpc.filter.AccessLogFilterTest.testInvokeException,pass,0.022,org.apache.dubbo.rpc.proxy.jdk.JdkProxyFactoryTest.testGetInvoker,pass,0.003,252851354ef596952bb55227dd41d3ec
org.apache.dubbo.rpc.filter.AccessLogFilterTest.testDefault,pass,0.061,org.apache.dubbo.rpc.proxy.jdk.JdkProxyFactoryTest.testGetInvoker,pass,0,9ebe07f5e8ad569acc6043e0179b17af
org.apache.dubbo.rpc.filter.AccessLogFilterTest.testCustom,pass,0.061,org.apache.dubbo.rpc.proxy.jdk.JdkProxyFactoryTest.testGetInvoker,pass,0,99b360400b18904c65a10e7fe23b68e1
org.apache.dubbo.rpc.filter.ExceptionFilterTest.testRpcException,pass,0.437,org.apache.dubbo.rpc.proxy.jdk.JdkProxyFactoryTest.testGetInvoker,pass,0.073,021ba00aab1f1e345165250b8c031e2a
org.apache.dubbo.rpc.filter.ExceptionFilterTest.testJavaException,pass,0.423,org.apache.dubbo.rpc.proxy.jdk.JdkProxyFactoryTest.testGetInvoker,pass,0,5fde22ca92b9a6179df9993b70c84a81
org.apache.dubbo.rpc.filter.ExceptionFilterTest.testRuntimeException,pass,0.466,org.apache.dubbo.rpc.proxy.jdk.JdkProxyFactoryTest.testGetInvoker,pass,0,99e793cc99ae13c08bb09f1d70bcea13
org.apache.dubbo.rpc.filter.ExceptionFilterTest.testConvertToRunTimeException,pass,0.414,org.apache.dubbo.rpc.proxy.jdk.JdkProxyFactoryTest.testGetInvoker,pass,0,6995fca023a31cf465b734bf8674e211
org.apache.dubbo.rpc.filter.ConsumerContextFilterTest.testSetContext,pass,0.101,org.apache.dubbo.rpc.proxy.jdk.JdkProxyFactoryTest.testGetInvoker,pass,0,83ad3818f1af2074af0589022b089d04
org.apache.dubbo.rpc.filter.tps.StatItemTest.testIsAllowable,pass,1.103,org.apache.dubbo.rpc.proxy.jdk.JdkProxyFactoryTest.testGetInvoker,pass,0.081,0de95cc5c4b7a010211f7956147762b0
org.apache.dubbo.rpc.ServiceHolderTest.testHolderClass,pass,0.005,org.apache.dubbo.rpc.proxy.jdk.JdkProxyFactoryTest.testGetInvoker,pass,0.101,ad5fb3bd948469ded30f40a4190055c6
org.apache.dubbo.rpc.filter.ContextFilterTest.testSetContext,pass,0.356,org.apache.dubbo.rpc.proxy.jdk.JdkProxyFactoryTest.testGetInvoker,pass,0.077,76598e9f8b3abe9a4cff3b4083ac205b
org.apache.dubbo.rpc.filter.ContextFilterTest.testWithAttachments,pass,0.011,org.apache.dubbo.rpc.proxy.jdk.JdkProxyFactoryTest.testGetInvoker,pass,0.09,bb6d88f231c5b0cab05e5487a6e3f285
org.apache.dubbo.rpc.proxy.javassist.JavassistProxyFactoryTest.testGetInvoker,pass,0.247,org.apache.dubbo.rpc.proxy.jdk.JdkProxyFactoryTest.testGetInvoker,pass,0,771c9558731ea1417e2d0883cd81113a
org.apache.dubbo.rpc.proxy.javassist.JavassistProxyFactoryTest.testGetProxy,pass,0.208,org.apache.dubbo.rpc.proxy.jdk.JdkProxyFactoryTest.testGetInvoker,pass,0,1f271e81f55b66f361bf4ba1f51d7fa3
org.apache.dubbo.rpc.filter.TokenFilterTest.testInvokeWithoutToken,pass,0.449,org.apache.dubbo.rpc.proxy.jdk.JdkProxyFactoryTest.testGetInvoker,pass,0,94d9c5d582906d4f06be5b577adfa4e5
org.apache.dubbo.rpc.filter.TokenFilterTest.testInvokeWithWrongToken,pass,0.502,org.apache.dubbo.rpc.proxy.jdk.JdkProxyFactoryTest.testGetInvoker,pass,0,6c75b771f2602b5945ae3152ae5e3077
org.apache.dubbo.rpc.filter.TokenFilterTest.testInvokeWithToken,pass,0.497,org.apache.dubbo.rpc.proxy.jdk.JdkProxyFactoryTest.testGetInvoker,pass,0,d103a6b335c73fdce11025bc7252e69a
org.apache.dubbo.rpc.filter.ActiveLimitFilterTest.testInvokeLessActives,pass,0.006,org.apache.dubbo.rpc.proxy.jdk.JdkProxyFactoryTest.testGetInvoker,pass,0.079,c803a6e9db168de9705183104e07f0d0
org.apache.dubbo.rpc.filter.ActiveLimitFilterTest.testInvokeNoActives,pass,0.006,org.apache.dubbo.rpc.proxy.jdk.JdkProxyFactoryTest.testGetInvoker,pass,0.063,6723bf37f5fe18eeac1ca8ffada7a72b
org.apache.dubbo.rpc.filter.ActiveLimitFilterTest.testInvokeGreaterActives,pass,1.074,org.apache.dubbo.rpc.proxy.jdk.JdkProxyFactoryTest.testGetInvoker,pass,0.076,4318dba27d8c5d4ed676f3102a48cf45
org.apache.dubbo.rpc.filter.TimeoutFilterTest.testInvokeWithoutTimeout,pass,0.367,org.apache.dubbo.rpc.proxy.jdk.JdkProxyFactoryTest.testGetInvoker,pass,0,39f7e7a5f6c12422a47b0b9f12eb221a
org.apache.dubbo.rpc.filter.TimeoutFilterTest.testInvokeWithTimeout,pass,0.489,org.apache.dubbo.rpc.proxy.jdk.JdkProxyFactoryTest.testGetInvoker,pass,0,d7b93152f16e9914d0b44ba8c66b1caa
org.apache.dubbo.rpc.filter.DeprecatedFilterTest.testDeprecatedFilter,pass,0.014,org.apache.dubbo.rpc.proxy.jdk.JdkProxyFactoryTest.testGetInvoker,pass,0,47c9ef568a6da0e93e33c53075f14052
org.apache.dubbo.rpc.filter.CompatibleFilterFilterTest.testInvokerNonJsonNonPojoSerialization,pass,0.327,org.apache.dubbo.rpc.proxy.jdk.JdkProxyFactoryTest.testGetInvoker,pass,0,33f1d692b18693c6c5644266b289db20
org.apache.dubbo.rpc.filter.CompatibleFilterFilterTest.testInvokerNonJsonEnumSerialization,pass,0.331,org.apache.dubbo.rpc.proxy.jdk.JdkProxyFactoryTest.testGetInvoker,pass,0,6da63e280535a8e548aa2c6b278883f2
org.apache.dubbo.rpc.filter.CompatibleFilterFilterTest.testResulthasException,pass,0.343,org.apache.dubbo.rpc.proxy.jdk.JdkProxyFactoryTest.testGetInvoker,pass,0,13d1737257931ab47316b3a6a97cbebe
org.apache.dubbo.rpc.filter.CompatibleFilterFilterTest.testInvokerJsonPojoSerialization,pass,0.348,org.apache.dubbo.rpc.proxy.jdk.JdkProxyFactoryTest.testGetInvoker,pass,0,ed66321db28b83ba199f5b08e95d6349
org.apache.dubbo.rpc.filter.CompatibleFilterFilterTest.testInvokerNonJsonPojoSerialization,pass,0.309,org.apache.dubbo.rpc.proxy.jdk.JdkProxyFactoryTest.testGetInvoker,pass,0,f81335841782bcfb9e7715f2d77a4833
org.apache.dubbo.rpc.filter.CompatibleFilterFilterTest.testInvokerGeneric,pass,0.346,org.apache.dubbo.rpc.proxy.jdk.JdkProxyFactoryTest.testGetInvoker,pass,0,ea1ff34299dec090c3c9435c2be99ef6
org.apache.dubbo.rpc.StaticContextTest.testGetContext,pass,0.002,org.apache.dubbo.rpc.proxy.jdk.JdkProxyFactoryTest.testGetInvoker,pass,0.087,8e0806852d62ecbd06874c9fdbbcfa89
org.apache.dubbo.rpc.StaticContextTest.testGetKey,pass,0.1,org.apache.dubbo.rpc.proxy.jdk.JdkProxyFactoryTest.testGetInvoker,pass,0,e078db574e821f2d110a637e9c3e92f3
org.apache.dubbo.rpc.RpcContextTest.testAddress,pass,0.006,org.apache.dubbo.rpc.proxy.jdk.JdkProxyFactoryTest.testGetInvoker,pass,0.097,228d70a1e7e68bb586ceb5a37934ccba
org.apache.dubbo.rpc.RpcContextTest.testAttachments,pass,0.008,org.apache.dubbo.rpc.proxy.jdk.JdkProxyFactoryTest.testGetInvoker,pass,0.099,cc950b2132d2b34c95bdb8f88d86a948
org.apache.dubbo.rpc.RpcContextTest.testAsync,pass,0.11,org.apache.dubbo.rpc.proxy.jdk.JdkProxyFactoryTest.testGetInvoker,failure,0.05,d0e1cb4fe03b07b4d82c7fcdd0dabe85
org.apache.dubbo.rpc.RpcContextTest.testCheckSide,pass,0.008,org.apache.dubbo.rpc.proxy.jdk.JdkProxyFactoryTest.testGetInvoker,pass,0.099,85f6e2fd815f9dfff79a4017433c8cee
org.apache.dubbo.rpc.RpcContextTest.testGetContext,pass,0.011,org.apache.dubbo.rpc.proxy.jdk.JdkProxyFactoryTest.testGetInvoker,pass,0.125,34836a3328a24eb34848ca422d5f7cb8
org.apache.dubbo.rpc.RpcContextTest.testObject,pass,0.046,org.apache.dubbo.rpc.proxy.jdk.JdkProxyFactoryTest.testGetInvoker,pass,0.074,4c3cb9e5318319fbec4f31928cd3d5bc
org.apache.dubbo.rpc.filter.ClassLoaderFilterTest.testInvoke,pass,0.281,org.apache.dubbo.rpc.RpcContextTest.testAsync,pass,0.068,b0b5ab0f80cf3f937a1725e5d8fdde2c
org.apache.dubbo.rpc.proxy.InvokerInvocationHandlerTest.testInvokeToString,pass,0.297,org.apache.dubbo.rpc.RpcContextTest.testAsync,pass,0.059,dbc4cf9218815306b9dc4d0aaa0139d5
org.apache.dubbo.rpc.filter.EchoFilterTest.testEcho,pass,0.408,org.apache.dubbo.rpc.RpcContextTest.testAsync,pass,0.07,885072c754790577b8c11fb6bc5ccbc1
org.apache.dubbo.rpc.filter.EchoFilterTest.testNonEcho,pass,0.395,org.apache.dubbo.rpc.RpcContextTest.testAsync,pass,0.08,90b795f4005612629316156a05060cc8
org.apache.dubbo.rpc.proxy.jdk.JdkProxyFactoryTest.testGetInvoker,pass,0.125,org.apache.dubbo.rpc.RpcContextTest.testAsync,pass,0,299432dd476bb675847fb518c3103edb
org.apache.dubbo.rpc.proxy.jdk.JdkProxyFactoryTest.testGetProxy,pass,0.112,org.apache.dubbo.rpc.RpcContextTest.testAsync,pass,0,a66ba167b24a2286a38360832461eaa1
org.apache.dubbo.rpc.filter.GenericFilterTest.testInvokeWithJavaException,pass,0.398,org.apache.dubbo.rpc.RpcContextTest.testAsync,pass,0,f86a0dcc7300c2aed3b34f1a2bcd3e30
org.apache.dubbo.rpc.filter.GenericFilterTest.testInvokeWithDefault,pass,0.509,org.apache.dubbo.rpc.RpcContextTest.testAsync,pass,0,133e10f19eb6a13e217e8ef467a2383e
org.apache.dubbo.rpc.filter.TpsLimitFilterTest.testFail,pass,0.007,org.apache.dubbo.rpc.RpcContextTest.testAsync,pass,0.103,d8e13294cc28386de0af2f02ea489d4e
org.apache.dubbo.rpc.filter.TpsLimitFilterTest.testWithoutCount,pass,0.012,org.apache.dubbo.rpc.RpcContextTest.testAsync,pass,0.083,3b93d15cc008cb7084263afea62602ac
org.apache.dubbo.rpc.support.RpcUtilsTest.testAttachInvocationIdIfAsync_forceAttache,pass,0.126,org.apache.dubbo.rpc.RpcContextTest.testAsync,pass,0,abe0de8158ad0ae847ea6ac166b07b7d
org.apache.dubbo.rpc.support.RpcUtilsTest.testAttachInvocationIdIfAsync_sync,pass,0.135,org.apache.dubbo.rpc.RpcContextTest.testAsync,pass,0,0dc694d6e07d00d9ebb3c3dc9e37e256
org.apache.dubbo.rpc.support.RpcUtilsTest.testAttachInvocationIdIfAsync_forceNotAttache,pass,0.119,org.apache.dubbo.rpc.RpcContextTest.testAsync,pass,0,dfc123e0500c4ae514ac0a287ad0015c
org.apache.dubbo.rpc.support.RpcUtilsTest.testAttachInvocationIdIfAsync_nullAttachments,pass,0.133,org.apache.dubbo.rpc.RpcContextTest.testAsync,pass,0,b3f77c62c3265d3b976248f6448eb43a
org.apache.dubbo.rpc.support.RpcUtilsTest.testGetReturnTypes,pass,0.417,org.apache.dubbo.rpc.RpcContextTest.testAsync,pass,0,4c4e33bb0672561647d09901353c4da3
org.apache.dubbo.rpc.support.RpcUtilsTest.testAttachInvocationIdIfAsync_normal,pass,0.127,org.apache.dubbo.rpc.RpcContextTest.testAsync,pass,0,2ded1e2efd6388d974a91f64733d0f76
ERROR_Parse,org.apache.dubbo.rpc.RpcContextTest.testAsync,pass,0.1,05a38e3ed1a10a26b9fc220a315dfc1a
org.apache.dubbo.rpc.filter.GenericImplFilterTest.testInvokeWithException,pass,0.302,org.apache.dubbo.rpc.RpcContextTest.testAsync,pass,0,1b3f813ea221e20369c96c2ce6655c9e
org.apache.dubbo.rpc.filter.GenericImplFilterTest.testInvoke,pass,0.291,org.apache.dubbo.rpc.RpcContextTest.testAsync,pass,0,46b5f4a79b8df23f6f47391b39c5ad7c
org.apache.dubbo.rpc.filter.ExecuteLimitFilterTest.testExecuteLimitInvoke,pass,0.348,org.apache.dubbo.rpc.RpcContextTest.testAsync,pass,0.092,2e32829ba2ce80cad97f1eaacdc21b19
org.apache.dubbo.rpc.filter.ExecuteLimitFilterTest.testNoExecuteLimitInvoke,pass,0.317,org.apache.dubbo.rpc.RpcContextTest.testAsync,pass,0.068,3e82bc6274aa18433d1991f44a7f2c9e
org.apache.dubbo.rpc.filter.ExecuteLimitFilterTest.testExecuteLimitInvokeWitException,pass,0.348,org.apache.dubbo.rpc.RpcContextTest.testAsync,pass,0.067,402ac1a333cfc21ed2e500ab1f6a9c53
org.apache.dubbo.rpc.filter.ExecuteLimitFilterTest.testMoreThanExecuteLimitInvoke,pass,1.327,org.apache.dubbo.rpc.RpcContextTest.testAsync,pass,0.076,239ff8b8167bf86962d7ccf742e48e0b
org.apache.dubbo.rpc.filter.AccessLogFilterTest.testInvokeException,pass,0.043,org.apache.dubbo.rpc.RpcContextTest.testAsync,pass,0,e0cb7567697f20cb5d772b91e4add368
org.apache.dubbo.rpc.filter.AccessLogFilterTest.testDefault,pass,0.064,org.apache.dubbo.rpc.RpcContextTest.testAsync,pass,0,ce0fb9d5c53121799a41c07e0734debc
org.apache.dubbo.rpc.filter.AccessLogFilterTest.testCustom,pass,0.065,org.apache.dubbo.rpc.RpcContextTest.testAsync,pass,0,59fbb5db52ae9488bc2ce28dc1055256
org.apache.dubbo.rpc.filter.ExceptionFilterTest.testRpcException,pass,0.354,org.apache.dubbo.rpc.RpcContextTest.testAsync,pass,0.067,df1a37f72313d06ddd36dba0eac37430
org.apache.dubbo.rpc.filter.ExceptionFilterTest.testJavaException,pass,0.462,org.apache.dubbo.rpc.RpcContextTest.testAsync,pass,0,52706531383db24b93eebc9853cf11c5
org.apache.dubbo.rpc.filter.ExceptionFilterTest.testRuntimeException,pass,0.414,org.apache.dubbo.rpc.RpcContextTest.testAsync,pass,0,005ce9530130938b8f51e2d68c826447
org.apache.dubbo.rpc.filter.ExceptionFilterTest.testConvertToRunTimeException,pass,0.489,org.apache.dubbo.rpc.RpcContextTest.testAsync,pass,0,59c2cbd440d030987f57ae7de0797bb1
org.apache.dubbo.rpc.filter.ConsumerContextFilterTest.testSetContext,pass,0.151,org.apache.dubbo.rpc.RpcContextTest.testAsync,pass,0,d43db473d6aea0c8123a9803f1ddec1d
org.apache.dubbo.rpc.filter.tps.StatItemTest.testIsAllowable,pass,1.103,org.apache.dubbo.rpc.RpcContextTest.testAsync,pass,0.084,691c15d484a7295a9f5af890e42e1717
org.apache.dubbo.rpc.ServiceHolderTest.testHolderClass,pass,0.002,org.apache.dubbo.rpc.RpcContextTest.testAsync,pass,0.103,6a9201cdf80b96bd2214e0c72957efd9
org.apache.dubbo.rpc.filter.ContextFilterTest.testSetContext,pass,0.408,org.apache.dubbo.rpc.RpcContextTest.testAsync,pass,0.056,d9feae05622e9f7dda76e0f674b22beb
org.apache.dubbo.rpc.filter.ContextFilterTest.testWithAttachments,pass,0.01,org.apache.dubbo.rpc.RpcContextTest.testAsync,pass,0.083,687047e70101f5ce2c2744d48d70aa4e
org.apache.dubbo.rpc.proxy.javassist.JavassistProxyFactoryTest.testGetInvoker,pass,0.282,org.apache.dubbo.rpc.RpcContextTest.testAsync,pass,0,38656dcd3282c06334e5e933ff290638
org.apache.dubbo.rpc.proxy.javassist.JavassistProxyFactoryTest.testGetProxy,pass,0.25,org.apache.dubbo.rpc.RpcContextTest.testAsync,pass,0,f2b27d0ccfd6e46cd71d1ef972b9e3f9
org.apache.dubbo.rpc.filter.TokenFilterTest.testInvokeWithoutToken,pass,0.407,org.apache.dubbo.rpc.RpcContextTest.testAsync,pass,0,8eb105ea7cb82dfb7023efe5eda608f9
org.apache.dubbo.rpc.filter.TokenFilterTest.testInvokeWithWrongToken,pass,0.481,org.apache.dubbo.rpc.RpcContextTest.testAsync,pass,0,34880a822bfe0ce8c26cd08ac6819d49
org.apache.dubbo.rpc.filter.TokenFilterTest.testInvokeWithToken,pass,0.392,org.apache.dubbo.rpc.RpcContextTest.testAsync,pass,0,372fce759cc1eaaf87f26d9123983f61
org.apache.dubbo.rpc.filter.ActiveLimitFilterTest.testInvokeLessActives,pass,0.007,org.apache.dubbo.rpc.RpcContextTest.testAsync,pass,0.125,8fca381f0e85432791de825e44aa09db
org.apache.dubbo.rpc.filter.ActiveLimitFilterTest.testInvokeNoActives,pass,0.006,org.apache.dubbo.rpc.RpcContextTest.testAsync,pass,0.104,78f76a2f4a67502c8caed37453e0e5a3
org.apache.dubbo.rpc.filter.ActiveLimitFilterTest.testInvokeGreaterActives,pass,1.077,org.apache.dubbo.rpc.RpcContextTest.testAsync,pass,0.082,a0348d88e1d8044497f47ef3098f8990
org.apache.dubbo.rpc.filter.TimeoutFilterTest.testInvokeWithoutTimeout,pass,0.338,org.apache.dubbo.rpc.RpcContextTest.testAsync,pass,0,ade5b971753ff222ec66acdee76b1d46
org.apache.dubbo.rpc.filter.TimeoutFilterTest.testInvokeWithTimeout,pass,0.549,org.apache.dubbo.rpc.RpcContextTest.testAsync,pass,0,bd68a2e31110765e5466458082393ebc
org.apache.dubbo.rpc.filter.DeprecatedFilterTest.testDeprecatedFilter,pass,0.011,org.apache.dubbo.rpc.RpcContextTest.testAsync,pass,0,5711897c962a756059c6f9c3d4bd3aed
org.apache.dubbo.rpc.filter.CompatibleFilterFilterTest.testInvokerNonJsonNonPojoSerialization,pass,0.354,org.apache.dubbo.rpc.RpcContextTest.testAsync,pass,0,9b68d59a49d66b6554326780e0a508d9
org.apache.dubbo.rpc.filter.CompatibleFilterFilterTest.testInvokerNonJsonEnumSerialization,pass,0.361,org.apache.dubbo.rpc.RpcContextTest.testAsync,pass,0,b9d124e78c62fc49a644c0191bb37b13
org.apache.dubbo.rpc.filter.CompatibleFilterFilterTest.testResulthasException,pass,0.305,org.apache.dubbo.rpc.RpcContextTest.testAsync,pass,0,d96356661ab3dd34eab62f21483271ef
org.apache.dubbo.rpc.filter.CompatibleFilterFilterTest.testInvokerJsonPojoSerialization,pass,0.33,org.apache.dubbo.rpc.RpcContextTest.testAsync,pass,0,0ad7f170406640860aa4f8abc93e1eb5
org.apache.dubbo.rpc.filter.CompatibleFilterFilterTest.testInvokerNonJsonPojoSerialization,pass,0.371,org.apache.dubbo.rpc.RpcContextTest.testAsync,pass,0,edb49e0cacce4b4a07c66a05b3c86c2b
org.apache.dubbo.rpc.filter.CompatibleFilterFilterTest.testInvokerGeneric,pass,0.324,org.apache.dubbo.rpc.RpcContextTest.testAsync,pass,0,ccfdd61eaebfe56a8f120e89d36554f3
org.apache.dubbo.rpc.StaticContextTest.testGetContext,pass,0.002,org.apache.dubbo.rpc.RpcContextTest.testAsync,pass,0.074,7cfb9210c6000abb97c431ccc8fe3949
org.apache.dubbo.rpc.StaticContextTest.testGetKey,pass,0.093,org.apache.dubbo.rpc.RpcContextTest.testAsync,pass,0,4929469848c421162390b054514f723b
org.apache.dubbo.rpc.RpcContextTest.testAddress,pass,0.012,org.apache.dubbo.rpc.RpcContextTest.testAsync,pass,0.119,7f9b438aef81ab641c8b6dc3f2dc5a7c
org.apache.dubbo.rpc.RpcContextTest.testAttachments,pass,0.006,org.apache.dubbo.rpc.RpcContextTest.testAsync,pass,0.11,48e95d21028a222643e7e1240d85f6cb
org.apache.dubbo.rpc.RpcContextTest.testAsync,pass,0.146,org.apache.dubbo.rpc.RpcContextTest.testAsync,pass,0.146,0dd51d6339820d5a04c3bc103911be8d
org.apache.dubbo.rpc.RpcContextTest.testCheckSide,pass,0.008,org.apache.dubbo.rpc.RpcContextTest.testAsync,pass,0.087,e6a78f346aee6f0ad4f6be3adde9acc6
org.apache.dubbo.rpc.RpcContextTest.testGetContext,pass,0.007,org.apache.dubbo.rpc.RpcContextTest.testAsync,pass,0.113,01ed00d5b66dc585f754344ba45f08fc
org.apache.dubbo.rpc.RpcContextTest.testObject,pass,0.05,org.apache.dubbo.rpc.RpcContextTest.testAsync,pass,0.087,a020667ec3cc6d943921f0c1823ddf12
org.apache.dubbo.rpc.filter.ClassLoaderFilterTest.testInvoke,pass,0.369,org.apache.dubbo.rpc.RpcContextTest.testObject,pass,0.033,8df74463cb420454187d1db6f861e3d4
org.apache.dubbo.rpc.proxy.InvokerInvocationHandlerTest.testInvokeToString,pass,0.308,org.apache.dubbo.rpc.RpcContextTest.testObject,pass,0.027,f6f0c0bf5adfd232224e079874dbd233
org.apache.dubbo.rpc.filter.EchoFilterTest.testEcho,pass,0.417,org.apache.dubbo.rpc.RpcContextTest.testObject,pass,0.026,07847a209e5939a22789b1b71c715759
org.apache.dubbo.rpc.filter.EchoFilterTest.testNonEcho,pass,0.416,org.apache.dubbo.rpc.RpcContextTest.testObject,pass,0.032,f5fbf249c66ec93cda264bf7677e5577
org.apache.dubbo.rpc.proxy.jdk.JdkProxyFactoryTest.testGetInvoker,pass,0.108,org.apache.dubbo.rpc.RpcContextTest.testObject,pass,0.033,5a1d22cfac529b97e61f4ce1d1ca141b
org.apache.dubbo.rpc.proxy.jdk.JdkProxyFactoryTest.testGetProxy,pass,0.099,org.apache.dubbo.rpc.RpcContextTest.testObject,pass,0.037,4d4fd47895aec4101b8740884f7cb8b6
org.apache.dubbo.rpc.filter.GenericFilterTest.testInvokeWithJavaException,pass,0.434,org.apache.dubbo.rpc.RpcContextTest.testObject,pass,0.029,b30ea31cef5efc679783eb16532fd223
org.apache.dubbo.rpc.filter.GenericFilterTest.testInvokeWithDefault,pass,0.439,org.apache.dubbo.rpc.RpcContextTest.testObject,pass,0.027,ca37263ea51f1dfae28cb5630e8d5288
org.apache.dubbo.rpc.filter.TpsLimitFilterTest.testFail,pass,0.007,org.apache.dubbo.rpc.RpcContextTest.testObject,pass,0.039,afffc59239a3b9129d0934e2d0eae3fe
org.apache.dubbo.rpc.filter.TpsLimitFilterTest.testWithoutCount,pass,0.006,org.apache.dubbo.rpc.RpcContextTest.testObject,pass,0.026,4c4d50daa2260e4f31edf59db39690b3
org.apache.dubbo.rpc.support.RpcUtilsTest.testAttachInvocationIdIfAsync_forceAttache,pass,0.1,org.apache.dubbo.rpc.RpcContextTest.testObject,pass,0.018,d14a38607a5a611d62bce2b24770f09d
org.apache.dubbo.rpc.support.RpcUtilsTest.testAttachInvocationIdIfAsync_sync,pass,0.088,org.apache.dubbo.rpc.RpcContextTest.testObject,pass,0.037,cdb11453d48879c35fd1ddf9f79a7e11
org.apache.dubbo.rpc.support.RpcUtilsTest.testAttachInvocationIdIfAsync_forceNotAttache,pass,0.133,org.apache.dubbo.rpc.RpcContextTest.testObject,pass,0.039,60c1153906c9751175f1ecc4fede2365
org.apache.dubbo.rpc.support.RpcUtilsTest.testAttachInvocationIdIfAsync_nullAttachments,pass,0.109,org.apache.dubbo.rpc.RpcContextTest.testObject,pass,0.026,0ef7ebeb51da1ae500f82aa7dbb95453
org.apache.dubbo.rpc.support.RpcUtilsTest.testGetReturnTypes,pass,0.53,org.apache.dubbo.rpc.RpcContextTest.testObject,pass,0.017,d241fe888900d1b505595308a459adb7
org.apache.dubbo.rpc.support.RpcUtilsTest.testAttachInvocationIdIfAsync_normal,pass,0.111,org.apache.dubbo.rpc.RpcContextTest.testObject,pass,0.049,48dd878b752b5407d283e71ef14310f1
ERROR_Parse,org.apache.dubbo.rpc.RpcContextTest.testObject,pass,0.056,d2189ab8ac6cf5b2738f3643e34df0fe
org.apache.dubbo.rpc.filter.GenericImplFilterTest.testInvokeWithException,pass,0.306,org.apache.dubbo.rpc.RpcContextTest.testObject,pass,0.036,0e74b0b8b3954fcdb36c90a6ddcfdcd1
org.apache.dubbo.rpc.filter.GenericImplFilterTest.testInvoke,pass,0.316,org.apache.dubbo.rpc.RpcContextTest.testObject,pass,0.022,ef58f65322ff449967d47637db676ed1
org.apache.dubbo.rpc.filter.ExecuteLimitFilterTest.testExecuteLimitInvoke,pass,0.354,org.apache.dubbo.rpc.RpcContextTest.testObject,pass,0.021,3ca865a9d984645498f9d0a55925d70a
org.apache.dubbo.rpc.filter.ExecuteLimitFilterTest.testNoExecuteLimitInvoke,pass,0.352,org.apache.dubbo.rpc.RpcContextTest.testObject,pass,0.036,891ad5be506f90e1ce34e7e5e1052ae7
org.apache.dubbo.rpc.filter.ExecuteLimitFilterTest.testExecuteLimitInvokeWitException,pass,0.339,org.apache.dubbo.rpc.RpcContextTest.testObject,pass,0.028,9e4cd5c0356287c37c470b44658f245d
org.apache.dubbo.rpc.filter.ExecuteLimitFilterTest.testMoreThanExecuteLimitInvoke,pass,1.297,org.apache.dubbo.rpc.RpcContextTest.testObject,pass,0.033,efdc69502f745ae3fbba068d8dc29a5e
org.apache.dubbo.rpc.filter.AccessLogFilterTest.testInvokeException,pass,0.058,org.apache.dubbo.rpc.RpcContextTest.testObject,pass,0.024,be299910b60a588ab170f119deb28bdd
org.apache.dubbo.rpc.filter.AccessLogFilterTest.testDefault,pass,0.07,org.apache.dubbo.rpc.RpcContextTest.testObject,pass,0.016,08e5ad02273a9057f8a643d78f09809f
org.apache.dubbo.rpc.filter.AccessLogFilterTest.testCustom,pass,0.066,org.apache.dubbo.rpc.RpcContextTest.testObject,pass,0.007,1b2574655307d359cbe099173c84f0e3
org.apache.dubbo.rpc.filter.ExceptionFilterTest.testRpcException,pass,0.447,org.apache.dubbo.rpc.RpcContextTest.testObject,pass,0.032,4fc6f2d968a375a93679fdb198260a75
org.apache.dubbo.rpc.filter.ExceptionFilterTest.testJavaException,pass,0.455,org.apache.dubbo.rpc.RpcContextTest.testObject,pass,0.014,0d54b12bc47b736c88d8fc08787c902f
org.apache.dubbo.rpc.filter.ExceptionFilterTest.testRuntimeException,pass,0.425,org.apache.dubbo.rpc.RpcContextTest.testObject,pass,0.019,2d0c3ed4493427146a43dd37ad79cc14
org.apache.dubbo.rpc.filter.ExceptionFilterTest.testConvertToRunTimeException,pass,0.387,org.apache.dubbo.rpc.RpcContextTest.testObject,pass,0.017,f053d7e1c6e928700e5dac4b7ce6c4ef
org.apache.dubbo.rpc.filter.ConsumerContextFilterTest.testSetContext,pass,0.142,org.apache.dubbo.rpc.RpcContextTest.testObject,pass,0.065,731be7bd76999c37fbd6b4922c823489
org.apache.dubbo.rpc.filter.tps.StatItemTest.testIsAllowable,pass,1.103,org.apache.dubbo.rpc.RpcContextTest.testObject,pass,0.039,b2321191cd0ca0472f3d8554828c5bfd
org.apache.dubbo.rpc.ServiceHolderTest.testHolderClass,pass,0.002,org.apache.dubbo.rpc.RpcContextTest.testObject,pass,0.054,032ad6539ac433879e2ef6d707371dbc
org.apache.dubbo.rpc.filter.ContextFilterTest.testSetContext,pass,0.361,org.apache.dubbo.rpc.RpcContextTest.testObject,pass,0.013,6f4c25f805bdf7ab327d23683476fc54
org.apache.dubbo.rpc.filter.ContextFilterTest.testWithAttachments,pass,0.01,org.apache.dubbo.rpc.RpcContextTest.testObject,pass,0.031,3b794a6539f6cf8b54c9c0feba67c012
org.apache.dubbo.rpc.proxy.javassist.JavassistProxyFactoryTest.testGetInvoker,pass,0.22,org.apache.dubbo.rpc.RpcContextTest.testObject,pass,0,d7b4c91cbb96b6944a9e1e692ef910b7
org.apache.dubbo.rpc.proxy.javassist.JavassistProxyFactoryTest.testGetProxy,pass,0.206,org.apache.dubbo.rpc.RpcContextTest.testObject,pass,0,d2e316c4fa32a8e89bab10a472d4eb56
org.apache.dubbo.rpc.filter.TokenFilterTest.testInvokeWithoutToken,pass,0.508,org.apache.dubbo.rpc.RpcContextTest.testObject,pass,0.005,fd5cf766ab6b97386d14f32e94f177ea
org.apache.dubbo.rpc.filter.TokenFilterTest.testInvokeWithWrongToken,pass,0.472,org.apache.dubbo.rpc.RpcContextTest.testObject,pass,0.022,c6c803bcb4e62a272438ca76f566ff9d
org.apache.dubbo.rpc.filter.TokenFilterTest.testInvokeWithToken,pass,0.478,org.apache.dubbo.rpc.RpcContextTest.testObject,pass,0.027,16e979e2211dc5bac62eb58c1d598107
org.apache.dubbo.rpc.filter.ActiveLimitFilterTest.testInvokeLessActives,pass,0.007,org.apache.dubbo.rpc.RpcContextTest.testObject,pass,0.047,afbc763f4cc80f7b320655e5edbfeaa9
org.apache.dubbo.rpc.filter.ActiveLimitFilterTest.testInvokeNoActives,pass,0.007,org.apache.dubbo.rpc.RpcContextTest.testObject,pass,0.072,b772129848383822f57cbcd22b5a3bea
org.apache.dubbo.rpc.filter.ActiveLimitFilterTest.testInvokeGreaterActives,pass,1.03,org.apache.dubbo.rpc.RpcContextTest.testObject,pass,0.03,2e98966df28ef2fd0b117ca6e797e36c
org.apache.dubbo.rpc.filter.TimeoutFilterTest.testInvokeWithoutTimeout,pass,0.313,org.apache.dubbo.rpc.RpcContextTest.testObject,pass,0.025,5ceb0dd6097f0396ad49cdb6a37df5e5
org.apache.dubbo.rpc.filter.TimeoutFilterTest.testInvokeWithTimeout,pass,0.495,org.apache.dubbo.rpc.RpcContextTest.testObject,pass,0.029,044b18c153349d2982a9e565a2fda767
org.apache.dubbo.rpc.filter.DeprecatedFilterTest.testDeprecatedFilter,pass,0.012,org.apache.dubbo.rpc.RpcContextTest.testObject,pass,0.02,8f10b3db8e2f3398de99b1f5015204e0
org.apache.dubbo.rpc.filter.CompatibleFilterFilterTest.testInvokerNonJsonNonPojoSerialization,pass,0.333,org.apache.dubbo.rpc.RpcContextTest.testObject,pass,0.033,c1d28c79abfc71f7f06c5418462a2687
org.apache.dubbo.rpc.filter.CompatibleFilterFilterTest.testInvokerNonJsonEnumSerialization,pass,0.327,org.apache.dubbo.rpc.RpcContextTest.testObject,pass,0.018,0f398ce30b01c33af7660a865076cbe2
org.apache.dubbo.rpc.filter.CompatibleFilterFilterTest.testResulthasException,pass,0.35,org.apache.dubbo.rpc.RpcContextTest.testObject,pass,0.022,f6224d2d071896333aac470b6d9433ee
org.apache.dubbo.rpc.filter.CompatibleFilterFilterTest.testInvokerJsonPojoSerialization,pass,0.335,org.apache.dubbo.rpc.RpcContextTest.testObject,pass,0.025,051ac4a87da8078b75ac6c40b1fdbc4c
org.apache.dubbo.rpc.filter.CompatibleFilterFilterTest.testInvokerNonJsonPojoSerialization,pass,0.33,org.apache.dubbo.rpc.RpcContextTest.testObject,pass,0.027,3f1dc64175dcd6491916ac3b9cb45f40
org.apache.dubbo.rpc.filter.CompatibleFilterFilterTest.testInvokerGeneric,pass,0.341,org.apache.dubbo.rpc.RpcContextTest.testObject,pass,0.009,7510a7804728223f2b0076f89ab76798
org.apache.dubbo.rpc.StaticContextTest.testGetContext,pass,0.002,org.apache.dubbo.rpc.RpcContextTest.testObject,pass,0.005,08918528ff3291800a247392fffb0c4d
org.apache.dubbo.rpc.StaticContextTest.testGetKey,pass,0.103,org.apache.dubbo.rpc.RpcContextTest.testObject,pass,0.029,c07d17a4145a2da0418b12aa165aa0f9
org.apache.dubbo.rpc.RpcContextTest.testAddress,pass,0.007,org.apache.dubbo.rpc.RpcContextTest.testObject,pass,0.044,5272260786f0e61a6df66dbaa8739526
org.apache.dubbo.rpc.RpcContextTest.testAttachments,pass,0.007,org.apache.dubbo.rpc.RpcContextTest.testObject,pass,0.049,8ffbcde7011c61a7a6461bbfc9d1acba
org.apache.dubbo.rpc.RpcContextTest.testAsync,pass,0.098,org.apache.dubbo.rpc.RpcContextTest.testObject,pass,0.041,87604068cd6b4bd3134af630369a4c69
org.apache.dubbo.rpc.RpcContextTest.testCheckSide,pass,0.01,org.apache.dubbo.rpc.RpcContextTest.testObject,pass,0.048,f9ec6269f60223b458a99d67d52a1da4
org.apache.dubbo.rpc.RpcContextTest.testGetContext,pass,0.006,org.apache.dubbo.rpc.RpcContextTest.testObject,pass,0.051,eece4ceeda270c67207a2d599acd8c9a
org.apache.dubbo.rpc.RpcContextTest.testObject,pass,0.057,org.apache.dubbo.rpc.RpcContextTest.testObject,pass,0.057,e81f2be16bf9a25457f40671273a4c9d
